{
  "_fv": 18,
  "_type": "tool",
  "definition": {
    "renderType": 0,
    "texture": "almightywyvernsblade-1.png",
    "customModelName": "Normal",
    "name": "Almighty Wyvern's Blade",
    "specialInfo": [
      "True power manifested into a godlike blade"
    ],
    "creativeTab": {
      "value": "CUSTOM:MinecraftEnhanced"
    },
    "toolType": "Sword",
    "harvestLevel": 0,
    "efficiency": 12.0,
    "attackSpeed": 15.0,
    "enchantability": 100,
    "damageVsEntity": 200.0,
    "usageCount": 100000,
    "blocksAffected": [],
    "hasGlow": false,
    "repairItems": [
      {
        "value": "CUSTOM:AmuletoftheGods"
      }
    ],
    "immuneToFire": true,
    "stayInGridWhenCrafting": false,
    "damageOnCrafting": false,
    "onRightClickedInAir": {
      "name": "GodlikePower"
    },
    "onRightClickedOnBlock": {
      "name": "GodlikePower"
    },
    "onEntityHitWith": {
      "name": "AlmightyAttack"
    }
  }
}