{
  "_fv": 18,
  "_type": "recipe",
  "definition": {
    "recipeType": "Crafting",
    "xpReward": 0.0,
    "cookingTime": 200,
    "recipeRetstackSize": 1,
    "group": "",
    "recipeShapeless": true,
    "recipeSlots": [
      {
        "value": "CUSTOM:EnchantedSoulspritePearl"
      },
      {
        "value": "CUSTOM:MagmaticObsidianIngot"
      },
      {
        "value": "CUSTOM:BottleOfBlood"
      },
      {
        "value": "CUSTOM:PridefulWyvernsBlade"
      },
      {
        "value": "CUSTOM:AmuletoftheGods"
      },
      {
        "value": "CUSTOM:UnstableWyvernsBlade"
      },
      {
        "value": "CUSTOM:BloodredWyvernsBlade"
      },
      {
        "value": "CUSTOM:RainbowIngot"
      },
      {
        "value": "CUSTOM:HauntingWyvernsBlade"
      }
    ],
    "recipeReturnStack": {
      "value": "CUSTOM:AlmightyWyvernsBlade"
    },
    "name": "almight",
    "namespace": "mod"
  }
}