{
  "_fv": 18,
  "_type": "item",
  "definition": {
    "renderType": 0,
    "texture": "amulet_of_the_gods-1.png",
    "customModelName": "Normal",
    "name": "Amulet of the Gods",
    "rarity": "EPIC",
    "creativeTab": {
      "value": "CUSTOM:MinecraftEnhanced"
    },
    "stackSize": 1,
    "enchantability": 0,
    "useDuration": 0,
    "toolType": 1.0,
    "damageCount": 0,
    "recipeRemainder": {
      "value": ""
    },
    "destroyAnyBlock": false,
    "immuneToFire": true,
    "stayInGridWhenCrafting": false,
    "damageOnCrafting": false,
    "enableMeleeDamage": false,
    "damageVsEntity": 0.0,
    "specialInfo": [
      "No one knows how this mysterious amulet came to be, but one thing is for sure. It's the rarest item known to mankind"
    ],
    "hasGlow": false,
    "guiBoundTo": "<NONE>",
    "inventorySize": 9,
    "inventoryStackSize": 64
  }
}