{
  "_fv": 18,
  "_type": "tool",
  "definition": {
    "renderType": 0,
    "texture": "bloodyknife-1.png_2",
    "customModelName": "Normal",
    "name": "Bloody Knife",
    "specialInfo": [
      "Go ahead",
      "do it again"
    ],
    "creativeTab": {
      "value": "CUSTOM:MinecraftEnhanced"
    },
    "toolType": "Sword",
    "harvestLevel": 0,
    "efficiency": 6.0,
    "attackSpeed": 5.2,
    "enchantability": 0,
    "damageVsEntity": 1.0,
    "usageCount": 125,
    "blocksAffected": [],
    "hasGlow": false,
    "repairItems": [
      {
        "value": "Items.IRON_INGOT"
      }
    ],
    "immuneToFire": false,
    "stayInGridWhenCrafting": false,
    "damageOnCrafting": false
  }
}