{
  "_fv": 18,
  "_type": "tool",
  "definition": {
    "renderType": 0,
    "texture": "bloodredwyvernsblade-1.png",
    "customModelName": "Normal",
    "name": "Bloodred Wyvern's Blade",
    "specialInfo": [
      "No one really knows how many creatures died to give this blade it's hue."
    ],
    "creativeTab": {
      "value": "CUSTOM:MinecraftEnhanced"
    },
    "toolType": "Sword",
    "harvestLevel": 0,
    "efficiency": 12.0,
    "attackSpeed": 8.0,
    "enchantability": 75,
    "damageVsEntity": 123.0,
    "usageCount": 5500,
    "blocksAffected": [],
    "hasGlow": false,
    "repairItems": [],
    "immuneToFire": true,
    "stayInGridWhenCrafting": false,
    "damageOnCrafting": false,
    "onEntityHitWith": {
      "name": "AdministerTheBleeding"
    }
  }
}