{
  "_fv": 18,
  "_type": "food",
  "definition": {
    "renderType": 0,
    "texture": "bottleofblood-1.png",
    "customModelName": "Normal",
    "name": "Bottle Of Blood",
    "rarity": "COMMON",
    "specialInfo": [
      "Don't drink it"
    ],
    "creativeTab": {
      "value": "CUSTOM:MinecraftEnhanced"
    },
    "stackSize": 1,
    "nutritionalValue": 4,
    "saturation": 0.3,
    "eatingSpeed": 32,
    "resultItem": {
      "value": ""
    },
    "forDogs": false,
    "isAlwaysEdible": true,
    "animation": "drink",
    "hasGlow": false,
    "onEaten": {
      "name": "Drinking"
    }
  }
}