{
  "_fv": 18,
  "_type": "recipe",
  "definition": {
    "recipeType": "Crafting",
    "xpReward": 0.0,
    "cookingTime": 200,
    "recipeRetstackSize": 1,
    "group": "",
    "recipeShapeless": false,
    "recipeSlots": [
      {
        "value": "CUSTOM:WyvernsClaw"
      },
      {
        "value": "CUSTOM:EnhancedWyvernsClaw"
      },
      {
        "value": "CUSTOM:WyvernsClaw"
      },
      {
        "value": "CUSTOM:EnhancedWyvernsClaw"
      },
      {
        "value": "CUSTOM:DracaenaShortsword"
      },
      {
        "value": "CUSTOM:EnhancedWyvernsClaw"
      },
      {
        "value": "CUSTOM:WyvernsClaw"
      },
      {
        "value": "CUSTOM:EnhancedWyvernsClaw"
      },
      {
        "value": "CUSTOM:WyvernsClaw"
      }
    ],
    "recipeReturnStack": {
      "value": "CUSTOM:WyvernsBlade"
    },
    "name": "wyverns_blade",
    "namespace": "mod"
  }
}