{
  "_fv": 18,
  "_type": "tool",
  "definition": {
    "renderType": 0,
    "texture": "damaged_knife-1.png",
    "customModelName": "Normal",
    "name": "Damaged Knife",
    "specialInfo": [
      "Don't do it again"
    ],
    "creativeTab": {
      "value": "CUSTOM:MinecraftEnhanced"
    },
    "toolType": "Sword",
    "harvestLevel": 0,
    "efficiency": 6.0,
    "attackSpeed": 3.6,
    "enchantability": 0,
    "damageVsEntity": 0.8,
    "usageCount": 1,
    "blocksAffected": [],
    "hasGlow": false,
    "repairItems": [],
    "immuneToFire": false,
    "stayInGridWhenCrafting": false,
    "damageOnCrafting": false
  }
}