{
  "_fv": 18,
  "_type": "item",
  "definition": {
    "renderType": 0,
    "texture": "rubyingot",
    "customModelName": "Normal",
    "name": "Demonite Gemstone",
    "rarity": "RARE",
    "creativeTab": {
      "value": "CUSTOM:MinecraftEnhanced"
    },
    "stackSize": 64,
    "enchantability": 0,
    "useDuration": 0,
    "toolType": 1.0,
    "damageCount": 0,
    "recipeRemainder": {
      "value": ""
    },
    "destroyAnyBlock": false,
    "immuneToFire": true,
    "stayInGridWhenCrafting": false,
    "damageOnCrafting": false,
    "enableMeleeDamage": false,
    "damageVsEntity": 0.0,
    "specialInfo": [],
    "hasGlow": true,
    "guiBoundTo": "<NONE>",
    "inventorySize": 9,
    "inventoryStackSize": 64
  }
}