{
  "_fv": 18,
  "_type": "tool",
  "definition": {
    "renderType": 0,
    "texture": "aspectofthedragons",
    "customModelName": "Normal",
    "name": "Dracaena Shortsword",
    "specialInfo": [
      "Some say that the Wyvern killed thousands of Dragons to get the scales needed for this otherworldly blade."
    ],
    "creativeTab": {
      "value": "CUSTOM:MinecraftEnhanced"
    },
    "toolType": "Sword",
    "harvestLevel": 0,
    "efficiency": 8.0,
    "attackSpeed": 2.4,
    "enchantability": 17,
    "damageVsEntity": 23.0,
    "usageCount": 2048,
    "blocksAffected": [],
    "hasGlow": false,
    "repairItems": [],
    "immuneToFire": true,
    "stayInGridWhenCrafting": false,
    "damageOnCrafting": false
  }
}