{
  "_fv": 18,
  "_type": "armor",
  "definition": {
    "enableHelmet": true,
    "textureHelmet": "earthen_helmet",
    "enableBody": true,
    "textureBody": "earthen_chestplate",
    "enableLeggings": true,
    "textureLeggings": "earthen_leggings",
    "enableBoots": true,
    "textureBoots": "earthen_boots",
    "onBodyTick": {
      "name": "EarthenEffect"
    },
    "creativeTab": {
      "value": "CUSTOM:MinecraftEnhanced"
    },
    "armorTextureFile": "earthen_",
    "helmetName": "Earthen Wither Helmet",
    "bodyName": "Earthen Wither Chestplate",
    "leggingsName": "Earthen Wither Leggings",
    "bootsName": "Earthen Wither Boots",
    "helmetSpecialInfo": [],
    "bodySpecialInfo": [],
    "leggingsSpecialInfo": [],
    "bootsSpecialInfo": [],
    "helmetModelName": "Default",
    "helmetModelPart": "Helmet",
    "helmetModelTexture": "From armor",
    "bodyModelName": "Default",
    "bodyModelPart": "Body",
    "armsModelPartL": "Arms L",
    "armsModelPartR": "Arms R",
    "bodyModelTexture": "From armor",
    "leggingsModelName": "Default",
    "leggingsModelPartL": "Leggings L",
    "leggingsModelPartR": "Leggings R",
    "leggingsModelTexture": "From armor",
    "bootsModelName": "Default",
    "bootsModelPartL": "Boots L",
    "bootsModelPartR": "Boots R",
    "bootsModelTexture": "From armor",
    "maxDamage": 120,
    "damageValueHelmet": 80,
    "damageValueBody": 160,
    "damageValueLeggings": 120,
    "damageValueBoots": 40,
    "enchantability": 40,
    "toughness": 7.0,
    "knockbackResistance": 0.5,
    "equipSound": {
      "value": ""
    },
    "repairItems": [
      {
        "value": "CUSTOM:JadeIngot"
      }
    ]
  }
}