{
  "_fv": 18,
  "_type": "gui",
  "definition": {
    "type": 1,
    "width": 176,
    "height": 166,
    "inventoryOffsetX": 0,
    "inventoryOffsetY": 0,
    "renderBgLayer": true,
    "doesPauseGame": false,
    "components": [
      {
        "type": "inputslot",
        "data": {
          "inputLimit": {
            "value": ""
          },
          "color": {
            "value": -3355444,
            "falpha": 0.0
          },
          "id": 0,
          "disableStackInteraction": false,
          "dropItemsWhenNotBound": true,
          "name": "Slot #0",
          "x": 132,
          "y": 59
        }
      },
      {
        "type": "inputslot",
        "data": {
          "inputLimit": {
            "value": ""
          },
          "color": {
            "value": -3355444,
            "falpha": 0.0
          },
          "id": 1,
          "disableStackInteraction": false,
          "dropItemsWhenNotBound": true,
          "name": "Slot #1",
          "x": 132,
          "y": 88
        }
      },
      {
        "type": "outputslot",
        "data": {
          "color": {
            "value": -3355444,
            "falpha": 0.0
          },
          "id": 2,
          "disableStackInteraction": false,
          "dropItemsWhenNotBound": true,
          "name": "Slot #2",
          "x": 272,
          "y": 73
        }
      },
      {
        "type": "outputslot",
        "data": {
          "color": {
            "value": -3355444,
            "falpha": 0.0
          },
          "id": 3,
          "disableStackInteraction": false,
          "dropItemsWhenNotBound": true,
          "name": "Slot #3",
          "x": 249,
          "y": 73
        }
      },
      {
        "type": "label",
        "data": {
          "text": "Extractor",
          "color": {
            "value": -12829636,
            "falpha": 0.0
          },
          "name": "Extractor",
          "x": 132,
          "y": 42
        }
      },
      {
        "type": "button",
        "data": {
          "text": "Extract",
          "onClick": {
            "name": "Extraction"
          },
          "width": 60,
          "height": 20,
          "name": "Extract",
          "x": 170,
          "y": 72
        }
      }
    ]
  }
}