{
  "_fv": 18,
  "_type": "recipe",
  "definition": {
    "recipeType": "Crafting",
    "xpReward": 0.0,
    "cookingTime": 200,
    "recipeRetstackSize": 1,
    "group": "",
    "recipeShapeless": false,
    "recipeSlots": [
      {
        "value": "Blocks.SMOOTH_STONE"
      },
      {
        "value": "Blocks.SMOOTH_STONE"
      },
      {
        "value": "Blocks.SMOOTH_STONE"
      },
      {
        "value": "Blocks.SMOOTH_STONE"
      },
      {
        "value": "Blocks.HOPPER"
      },
      {
        "value": "Blocks.SMOOTH_STONE"
      },
      {
        "value": "Blocks.SMOOTH_STONE"
      },
      {
        "value": "Blocks.SMOOTH_STONE"
      },
      {
        "value": "Blocks.SMOOTH_STONE"
      }
    ],
    "recipeReturnStack": {
      "value": "CUSTOM:Extractor"
    },
    "name": "extracting",
    "namespace": "mod"
  }
}