{
  "_fv": 18,
  "_type": "armor",
  "definition": {
    "enableHelmet": true,
    "textureHelmet": "fire_wither_helmet",
    "enableBody": true,
    "textureBody": "fire_wither_chestplate",
    "enableLeggings": true,
    "textureLeggings": "fire_wither_leggings",
    "enableBoots": true,
    "textureBoots": "fire_wither_boots",
    "onBodyTick": {
      "name": "BlazingEffect"
    },
    "creativeTab": {
      "value": "CUSTOM:MinecraftEnhanced"
    },
    "armorTextureFile": "fire_wither_",
    "helmetName": "Flaming Wither Helmet",
    "bodyName": "Flaming Wither Chestplate",
    "leggingsName": "Flaming Wither Leggings",
    "bootsName": "Flaming Wither Boots",
    "helmetSpecialInfo": [],
    "bodySpecialInfo": [],
    "leggingsSpecialInfo": [],
    "bootsSpecialInfo": [],
    "helmetModelName": "Default",
    "helmetModelPart": "Helmet",
    "helmetModelTexture": "From armor",
    "bodyModelName": "Default",
    "bodyModelPart": "Body",
    "armsModelPartL": "Arms L",
    "armsModelPartR": "Arms R",
    "bodyModelTexture": "From armor",
    "leggingsModelName": "Default",
    "leggingsModelPartL": "Leggings L",
    "leggingsModelPartR": "Leggings R",
    "leggingsModelTexture": "From armor",
    "bootsModelName": "Default",
    "bootsModelPartL": "Boots L",
    "bootsModelPartR": "Boots R",
    "bootsModelTexture": "From armor",
    "maxDamage": 60,
    "damageValueHelmet": 40,
    "damageValueBody": 80,
    "damageValueLeggings": 60,
    "damageValueBoots": 20,
    "enchantability": 32,
    "toughness": 5.0,
    "knockbackResistance": 0.3,
    "equipSound": {
      "value": ""
    },
    "repairItems": []
  }
}