{
  "_fv": 18,
  "_type": "recipe",
  "definition": {
    "recipeType": "Crafting",
    "xpReward": 0.0,
    "cookingTime": 200,
    "recipeRetstackSize": 1,
    "group": "",
    "recipeShapeless": false,
    "recipeSlots": [
      {
        "value": "Blocks.OBSIDIAN"
      },
      {
        "value": "Blocks.CRYING_OBSIDIAN"
      },
      {
        "value": "Blocks.OBSIDIAN"
      },
      {
        "value": "Blocks.CRYING_OBSIDIAN"
      },
      {
        "value": "CUSTOM:FusionCore"
      },
      {
        "value": "Blocks.CRYING_OBSIDIAN"
      },
      {
        "value": "Blocks.OBSIDIAN"
      },
      {
        "value": "Blocks.CRYING_OBSIDIAN"
      },
      {
        "value": "Blocks.OBSIDIAN"
      }
    ],
    "recipeReturnStack": {
      "value": "CUSTOM:FusionChamberBlock"
    },
    "name": "fuse",
    "namespace": "mod"
  }
}