{
  "_fv": 18,
  "_type": "gui",
  "definition": {
    "type": 1,
    "width": 176,
    "height": 166,
    "inventoryOffsetX": 0,
    "inventoryOffsetY": 0,
    "renderBgLayer": true,
    "doesPauseGame": false,
    "components": [
      {
        "type": "inputslot",
        "data": {
          "inputLimit": {
            "value": ""
          },
          "color": {
            "value": -3355444,
            "falpha": 0.0
          },
          "id": 0,
          "disableStackInteraction": false,
          "dropItemsWhenNotBound": true,
          "name": "Slot #0",
          "x": 132,
          "y": 47
        }
      },
      {
        "type": "inputslot",
        "data": {
          "inputLimit": {
            "value": ""
          },
          "color": {
            "value": -3355444,
            "falpha": 0.0
          },
          "id": 1,
          "disableStackInteraction": false,
          "dropItemsWhenNotBound": true,
          "name": "Slot #1",
          "x": 140,
          "y": 72
        }
      },
      {
        "type": "inputslot",
        "data": {
          "inputLimit": {
            "value": ""
          },
          "color": {
            "value": -3355444,
            "falpha": 0.0
          },
          "id": 2,
          "disableStackInteraction": false,
          "dropItemsWhenNotBound": true,
          "name": "Slot #2",
          "x": 132,
          "y": 96
        }
      },
      {
        "type": "label",
        "data": {
          "text": "Fusion Chamber",
          "color": {
            "value": -12829636,
            "falpha": 0.0
          },
          "name": "Fusion Chamber",
          "x": 172,
          "y": 47
        }
      },
      {
        "type": "button",
        "data": {
          "text": "Fuse",
          "onClick": {
            "name": "Fusing"
          },
          "width": 45,
          "height": 20,
          "name": "Fuse",
          "x": 187,
          "y": 70
        }
      },
      {
        "type": "outputslot",
        "data": {
          "color": {
            "value": -3355444,
            "falpha": 0.0
          },
          "id": 3,
          "disableStackInteraction": false,
          "dropItemsWhenNotBound": true,
          "name": "Slot #3",
          "x": 258,
          "y": 70
        }
      }
    ]
  }
}