{
  "_fv": 18,
  "_type": "tool",
  "definition": {
    "renderType": 0,
    "texture": "hauntingwyvernsblade-1.png",
    "customModelName": "Normal",
    "name": "Haunting Wyverns Blade",
    "specialInfo": [
      "Tends to scream when in water"
    ],
    "creativeTab": {
      "value": "CUSTOM:MinecraftEnhanced"
    },
    "toolType": "Sword",
    "harvestLevel": 0,
    "efficiency": 12.0,
    "attackSpeed": 7.2,
    "enchantability": 50,
    "damageVsEntity": 98.0,
    "usageCount": 5000,
    "blocksAffected": [],
    "hasGlow": false,
    "repairItems": [],
    "immuneToFire": true,
    "stayInGridWhenCrafting": false,
    "damageOnCrafting": false,
    "onRightClickedInAir": {
      "name": "TeleportHacks"
    },
    "onRightClickedOnBlock": {
      "name": "TeleportHacks"
    }
  }
}