{
  "_fv": 18,
  "_type": "tool",
  "definition": {
    "renderType": 0,
    "texture": "knife-1.png_1",
    "customModelName": "Normal",
    "name": "Knife",
    "specialInfo": [],
    "creativeTab": {
      "value": "CUSTOM:MinecraftEnhanced"
    },
    "toolType": "Sword",
    "harvestLevel": 0,
    "efficiency": 6.0,
    "attackSpeed": 5.2,
    "enchantability": 2,
    "damageVsEntity": 1.0,
    "usageCount": 125,
    "blocksAffected": [],
    "hasGlow": false,
    "repairItems": [
      {
        "value": "Items.IRON_INGOT"
      }
    ],
    "immuneToFire": false,
    "stayInGridWhenCrafting": false,
    "damageOnCrafting": false,
    "onRightClickedOnBlock": {
      "name": "SelfHarm"
    }
  }
}