{
  "_fv": 18,
  "_type": "armor",
  "definition": {
    "enableHelmet": true,
    "textureHelmet": "luckyhelm-1.png",
    "enableBody": true,
    "textureBody": "luckychest-1.png",
    "enableLeggings": true,
    "textureLeggings": "luckyleggings-1.png",
    "enableBoots": true,
    "textureBoots": "luckyboots-1.png",
    "onBodyTick": {
      "name": "Luck"
    },
    "creativeTab": {
      "value": "CUSTOM:MinecraftEnhanced"
    },
    "armorTextureFile": "lucky_-1.png",
    "helmetName": "Lucky Wyvern Helmet",
    "bodyName": "Lucky Wyvern Chestplate",
    "leggingsName": "Lucky Wyvern Leggings",
    "bootsName": "Lucky Wyvern Boots",
    "helmetSpecialInfo": [],
    "bodySpecialInfo": [],
    "leggingsSpecialInfo": [],
    "bootsSpecialInfo": [],
    "helmetModelName": "Default",
    "helmetModelPart": "Helmet",
    "helmetModelTexture": "From armor",
    "bodyModelName": "Default",
    "bodyModelPart": "Body",
    "armsModelPartL": "Arms L",
    "armsModelPartR": "Arms R",
    "bodyModelTexture": "From armor",
    "leggingsModelName": "Default",
    "leggingsModelPartL": "Leggings L",
    "leggingsModelPartR": "Leggings R",
    "leggingsModelTexture": "From armor",
    "bootsModelName": "Default",
    "bootsModelPartL": "Boots L",
    "bootsModelPartR": "Boots R",
    "bootsModelTexture": "From armor",
    "maxDamage": 150,
    "damageValueHelmet": 150,
    "damageValueBody": 300,
    "damageValueLeggings": 225,
    "damageValueBoots": 75,
    "enchantability": 75,
    "toughness": 7.0,
    "knockbackResistance": 0.5,
    "equipSound": {
      "value": ""
    },
    "repairItems": [
      {
        "value": "CUSTOM:EnhancedWyvernsClaw"
      }
    ]
  }
}