{
  "_fv": 18,
  "_type": "tool",
  "definition": {
    "renderType": 0,
    "texture": "magmapickaxe",
    "customModelName": "Normal",
    "name": "Magmatic Obsidian Pickaxe",
    "specialInfo": [],
    "creativeTab": {
      "value": "CUSTOM:MinecraftEnhanced"
    },
    "toolType": "Pickaxe",
    "harvestLevel": 5,
    "efficiency": 15.0,
    "attackSpeed": 1.0,
    "enchantability": 20,
    "damageVsEntity": 10.0,
    "usageCount": 5000,
    "blocksAffected": [],
    "hasGlow": false,
    "repairItems": [
      {
        "value": "CUSTOM:MagmaticObsidianIngot"
      }
    ],
    "immuneToFire": true,
    "stayInGridWhenCrafting": false,
    "damageOnCrafting": false
  }
}