{
  "_fv": 18,
  "_type": "armor",
  "definition": {
    "enableHelmet": true,
    "textureHelmet": "masterful_helm-1.png",
    "enableBody": true,
    "textureBody": "masterful_chest-1.png",
    "enableLeggings": true,
    "textureLeggings": "masterful_leggings-1.png_1",
    "enableBoots": true,
    "textureBoots": "masterful_boots-1.png",
    "onBodyTick": {
      "name": "MasterfulEffect"
    },
    "creativeTab": {
      "value": "CUSTOM:MinecraftEnhanced"
    },
    "armorTextureFile": "masterful_-1.png",
    "helmetName": "Masterful Wyvern Helmet",
    "bodyName": "Masterful Wyvern Chestplate",
    "leggingsName": "Masterful Wyvern Leggings",
    "bootsName": "Masterful Wyvern Boots",
    "helmetSpecialInfo": [],
    "bodySpecialInfo": [],
    "leggingsSpecialInfo": [],
    "bootsSpecialInfo": [],
    "helmetModelName": "Default",
    "helmetModelPart": "Helmet",
    "helmetModelTexture": "From armor",
    "bodyModelName": "Default",
    "bodyModelPart": "Body",
    "armsModelPartL": "Arms L",
    "armsModelPartR": "Arms R",
    "bodyModelTexture": "From armor",
    "leggingsModelName": "Default",
    "leggingsModelPartL": "Leggings L",
    "leggingsModelPartR": "Leggings R",
    "leggingsModelTexture": "From armor",
    "bootsModelName": "Default",
    "bootsModelPartL": "Boots L",
    "bootsModelPartR": "Boots R",
    "bootsModelTexture": "From armor",
    "maxDamage": 200,
    "damageValueHelmet": 200,
    "damageValueBody": 400,
    "damageValueLeggings": 300,
    "damageValueBoots": 100,
    "enchantability": 100,
    "toughness": 8.0,
    "knockbackResistance": 0.6,
    "equipSound": {
      "value": ""
    },
    "repairItems": [
      {
        "value": "CUSTOM:EnhancedWyvernsClaw"
      }
    ]
  }
}