{
  "_fv": 18,
  "_type": "armor",
  "definition": {
    "enableHelmet": true,
    "textureHelmet": "powerful_helm-1.png",
    "enableBody": true,
    "textureBody": "powerful_chest-1.png",
    "enableLeggings": true,
    "textureLeggings": "powerful_leggings-1.png",
    "enableBoots": true,
    "textureBoots": "powerful_boots-1.png",
    "onBodyTick": {
      "name": "PowerfulEffect"
    },
    "creativeTab": {
      "value": "CUSTOM:MinecraftEnhanced"
    },
    "armorTextureFile": "powerful_layer_1-1.png",
    "helmetName": "Powerful Wyvern Helmet",
    "bodyName": "Powerful Wyvern Chestplate",
    "leggingsName": "Powerful Wyvern Leggings",
    "bootsName": "Powerful Wyvern Boots",
    "helmetSpecialInfo": [],
    "bodySpecialInfo": [],
    "leggingsSpecialInfo": [],
    "bootsSpecialInfo": [],
    "helmetModelName": "Default",
    "helmetModelPart": "Helmet",
    "helmetModelTexture": "From armor",
    "bodyModelName": "Default",
    "bodyModelPart": "Body",
    "armsModelPartL": "Arms L",
    "armsModelPartR": "Arms R",
    "bodyModelTexture": "From armor",
    "leggingsModelName": "Default",
    "leggingsModelPartL": "Leggings L",
    "leggingsModelPartR": "Leggings R",
    "leggingsModelTexture": "From armor",
    "bootsModelName": "Default",
    "bootsModelPartL": "Boots L",
    "bootsModelPartR": "Boots R",
    "bootsModelTexture": "From armor",
    "maxDamage": 150,
    "damageValueHelmet": 150,
    "damageValueBody": 300,
    "damageValueLeggings": 225,
    "damageValueBoots": 75,
    "enchantability": 75,
    "toughness": 7.0,
    "knockbackResistance": 0.5,
    "equipSound": {
      "value": ""
    },
    "repairItems": [
      {
        "value": "CUSTOM:EnhancedWyvernsClaw"
      }
    ]
  }
}