{
  "_fv": 18,
  "_type": "tool",
  "definition": {
    "renderType": 0,
    "texture": "multicoloredwyvernsblade-1.png",
    "customModelName": "Normal",
    "name": "Prideful Wyverns Blade",
    "specialInfo": [
      "LGBTQIA+ Rights!"
    ],
    "creativeTab": {
      "value": "CUSTOM:MinecraftEnhanced"
    },
    "toolType": "Sword",
    "harvestLevel": 0,
    "efficiency": 12.0,
    "attackSpeed": 7.2,
    "enchantability": 50,
    "damageVsEntity": 98.0,
    "usageCount": 5000,
    "blocksAffected": [],
    "hasGlow": false,
    "repairItems": [
      {
        "value": "CUSTOM:RainbowIngot"
      }
    ],
    "immuneToFire": true,
    "stayInGridWhenCrafting": false,
    "damageOnCrafting": false,
    "onItemInUseTick": {
      "name": "Regeneration"
    }
  }
}