{
  "_fv": 18,
  "_type": "recipe",
  "definition": {
    "recipeType": "Crafting",
    "xpReward": 0.0,
    "cookingTime": 200,
    "recipeRetstackSize": 1,
    "group": "",
    "recipeShapeless": false,
    "recipeSlots": [
      {
        "value": "CUSTOM:JadeIngot"
      },
      {
        "value": "CUSTOM:SapphireIngot"
      },
      {
        "value": "CUSTOM:CrystalIngot"
      },
      {
        "value": "CUSTOM:DemoniteIngot"
      },
      {
        "value": ""
      },
      {
        "value": "CUSTOM:DemoniteIngot"
      },
      {
        "value": "CUSTOM:CrystalIngot"
      },
      {
        "value": "CUSTOM:SapphireIngot"
      },
      {
        "value": "CUSTOM:JadeIngot"
      }
    ],
    "recipeReturnStack": {
      "value": "CUSTOM:RainbowIngot"
    },
    "name": "rainbowww",
    "namespace": "mod"
  }
}