{
  "_fv": 18,
  "_type": "gun",
  "definition": {
    "renderType": 0,
    "texture": "shortbow",
    "customModelName": "Normal",
    "name": "Shortbow",
    "specialInfo": [],
    "creativeTab": {
      "value": "CUSTOM:MinecraftEnhanced"
    },
    "stackSize": 1,
    "ammoItem": {
      "value": ""
    },
    "shootConstantly": true,
    "usageCount": 1000,
    "actionSound": {
      "value": "entity.arrow.shoot"
    },
    "hasGlow": false,
    "animation": "bow",
    "enableMeleeDamage": false,
    "damageVsEntity": 0.0,
    "bulletPower": 1.0,
    "bulletDamage": 3.0,
    "bulletKnockback": 2,
    "bulletParticles": false,
    "bulletIgnitesFire": false,
    "bulletItemTexture": {
      "value": "Blocks.WOODEN_BUTTON"
    },
    "bulletModel": "Default",
    "customBulletModelTexture": ""
  }
}