{
  "_fv": 18,
  "_type": "tool",
  "definition": {
    "renderType": 0,
    "texture": "soulspriteaxe-1.png",
    "customModelName": "Normal",
    "name": "Soulsprite Axe",
    "specialInfo": [],
    "creativeTab": {
      "value": "CUSTOM:MinecraftEnhanced"
    },
    "toolType": "Axe",
    "harvestLevel": 1,
    "efficiency": 4.0,
    "attackSpeed": 1.5,
    "enchantability": 20,
    "damageVsEntity": 18.0,
    "usageCount": 2500,
    "blocksAffected": [],
    "hasGlow": true,
    "repairItems": [],
    "immuneToFire": true,
    "stayInGridWhenCrafting": false,
    "damageOnCrafting": false
  }
}