{
  "_fv": 18,
  "_type": "recipe",
  "definition": {
    "recipeType": "Crafting",
    "xpReward": 0.0,
    "cookingTime": 200,
    "recipeRetstackSize": 1,
    "group": "",
    "recipeShapeless": false,
    "recipeSlots": [
      {
        "value": "CUSTOM:SpeedEssence"
      },
      {
        "value": "CUSTOM:CrystalIngot"
      },
      {
        "value": "CUSTOM:SpeedEssence"
      },
      {
        "value": "CUSTOM:CrystalIngot"
      },
      {
        "value": "CUSTOM:WitherArmor.helmet"
      },
      {
        "value": "CUSTOM:CrystalIngot"
      },
      {
        "value": "CUSTOM:SpeedEssence"
      },
      {
        "value": "CUSTOM:CrystalIngot"
      },
      {
        "value": "CUSTOM:SpeedEssence"
      }
    ],
    "recipeReturnStack": {
      "value": "CUSTOM:SwiftWither.helmet"
    },
    "name": "swift_helmet",
    "namespace": "mod"
  }
}