{
  "_fv": 18,
  "_type": "armor",
  "definition": {
    "enableHelmet": true,
    "textureHelmet": "swifthelmet",
    "enableBody": true,
    "textureBody": "swiftchestplate",
    "enableLeggings": true,
    "textureLeggings": "swiftleggings",
    "enableBoots": true,
    "textureBoots": "swiftboots",
    "onBodyTick": {
      "name": "SwiftEffect"
    },
    "creativeTab": {
      "value": "CUSTOM:MinecraftEnhanced"
    },
    "armorTextureFile": "swift_",
    "helmetName": "Swift Wither Helmet",
    "bodyName": "Swift Wither Chestplate",
    "leggingsName": "Swift Wither Leggings",
    "bootsName": "Swift Wither Boots",
    "helmetSpecialInfo": [],
    "bodySpecialInfo": [],
    "leggingsSpecialInfo": [],
    "bootsSpecialInfo": [],
    "helmetModelName": "Default",
    "helmetModelPart": "Helmet",
    "helmetModelTexture": "From armor",
    "bodyModelName": "Default",
    "bodyModelPart": "Body",
    "armsModelPartL": "Arms L",
    "armsModelPartR": "Arms R",
    "bodyModelTexture": "From armor",
    "leggingsModelName": "Default",
    "leggingsModelPartL": "Leggings L",
    "leggingsModelPartR": "Leggings R",
    "leggingsModelTexture": "From armor",
    "bootsModelName": "Default",
    "bootsModelPartL": "Boots L",
    "bootsModelPartR": "Boots R",
    "bootsModelTexture": "From armor",
    "maxDamage": 50,
    "damageValueHelmet": 35,
    "damageValueBody": 70,
    "damageValueLeggings": 50,
    "damageValueBoots": 15,
    "enchantability": 32,
    "toughness": 4.0,
    "knockbackResistance": 0.2,
    "equipSound": {
      "value": ""
    },
    "repairItems": [
      {
        "value": "CUSTOM:CrystalIngot"
      }
    ]
  }
}