{
  "_fv": 18,
  "_type": "tool",
  "definition": {
    "renderType": 0,
    "texture": "unstablewyvernsblade-1.png",
    "customModelName": "Normal",
    "name": "Unstable Wyvern's Blade",
    "specialInfo": [
      "Although it resembles an explosion, this sword willnot combust."
    ],
    "creativeTab": {
      "value": "CUSTOM:MinecraftEnhanced"
    },
    "toolType": "Sword",
    "harvestLevel": 0,
    "efficiency": 12.0,
    "attackSpeed": 8.0,
    "enchantability": 75,
    "damageVsEntity": 123.0,
    "usageCount": 5500,
    "blocksAffected": [],
    "hasGlow": false,
    "repairItems": [
      {
        "value": "CUSTOM:MagmaticObsidianIngot"
      }
    ],
    "immuneToFire": true,
    "stayInGridWhenCrafting": false,
    "damageOnCrafting": false,
    "onEntityHitWith": {
      "name": "Assasination"
    },
    "onItemInUseTick": {
      "name": "Strength"
    }
  }
}