{
  "_fv": 18,
  "_type": "armor",
  "definition": {
    "enableHelmet": true,
    "textureHelmet": "wither_helmet",
    "enableBody": true,
    "textureBody": "wither_chestplate",
    "enableLeggings": true,
    "textureLeggings": "wither_leggings",
    "enableBoots": true,
    "textureBoots": "wither_boots",
    "creativeTab": {
      "value": "CUSTOM:MinecraftEnhanced"
    },
    "armorTextureFile": "wither_",
    "helmetName": "Wither Helmet",
    "bodyName": "Wither Chestplate",
    "leggingsName": "Wither Leggings",
    "bootsName": "Wither Boots",
    "helmetSpecialInfo": [],
    "bodySpecialInfo": [],
    "leggingsSpecialInfo": [],
    "bootsSpecialInfo": [],
    "helmetModelName": "Default",
    "helmetModelPart": "Helmet",
    "helmetModelTexture": "From armor",
    "bodyModelName": "Default",
    "bodyModelPart": "Body",
    "armsModelPartL": "Arms L",
    "armsModelPartR": "Arms R",
    "bodyModelTexture": "From armor",
    "leggingsModelName": "Default",
    "leggingsModelPartL": "Leggings L",
    "leggingsModelPartR": "Leggings R",
    "leggingsModelTexture": "From armor",
    "bootsModelName": "Default",
    "bootsModelPartL": "Boots L",
    "bootsModelPartR": "Boots R",
    "bootsModelTexture": "From armor",
    "maxDamage": 47,
    "damageValueHelmet": 20,
    "damageValueBody": 40,
    "damageValueLeggings": 30,
    "damageValueBoots": 10,
    "enchantability": 25,
    "toughness": 4.0,
    "knockbackResistance": 0.2,
    "equipSound": {
      "value": ""
    },
    "repairItems": [
      {
        "value": "Items.SKULL#1"
      }
    ]
  }
}