{
  "_fv": 18,
  "_type": "recipe",
  "definition": {
    "recipeType": "Crafting",
    "xpReward": 0.0,
    "cookingTime": 200,
    "recipeRetstackSize": 1,
    "group": "",
    "recipeShapeless": false,
    "recipeSlots": [
      {
        "value": "Blocks.SKULL#1"
      },
      {
        "value": "Blocks.SKULL#1"
      },
      {
        "value": "Blocks.SKULL#1"
      },
      {
        "value": "Blocks.SKULL#1"
      },
      {
        "value": "Items.NETHERITE_LEGGINGS"
      },
      {
        "value": "Blocks.SKULL#1"
      },
      {
        "value": "Blocks.SKULL#1"
      },
      {
        "value": ""
      },
      {
        "value": "Blocks.SKULL#1"
      }
    ],
    "recipeReturnStack": {
      "value": "CUSTOM:WitherArmor.legs"
    },
    "name": "wither_leggings",
    "namespace": "mod"
  }
}