{
  "_fv": 18,
  "_type": "gun",
  "definition": {
    "renderType": 0,
    "texture": "witherbow",
    "customModelName": "Normal",
    "name": "Withered Shortbow",
    "specialInfo": [
      "(note: ability does't work on players)"
    ],
    "creativeTab": {
      "value": "CUSTOM:MinecraftEnhanced"
    },
    "stackSize": 1,
    "ammoItem": {
      "value": ""
    },
    "shootConstantly": true,
    "usageCount": 2000,
    "actionSound": {
      "value": "entity.arrow.shoot"
    },
    "hasGlow": false,
    "animation": "bow",
    "enableMeleeDamage": false,
    "damageVsEntity": 0.0,
    "bulletPower": 1.0,
    "bulletDamage": 6.0,
    "bulletKnockback": 2,
    "bulletParticles": true,
    "bulletIgnitesFire": false,
    "bulletItemTexture": {
      "value": "Blocks.POLISHED_BLACKSTONE_BUTTON"
    },
    "bulletModel": "Default",
    "customBulletModelTexture": ""
  }
}