{
  "_fv": 18,
  "_type": "gun",
  "definition": {
    "renderType": 0,
    "texture": "wyvernshortbow-1.png",
    "customModelName": "Normal",
    "name": "Wyvern Shortbow",
    "specialInfo": [
      "The fastest bow in all the lands"
    ],
    "creativeTab": {
      "value": "CUSTOM:MinecraftEnhanced"
    },
    "stackSize": 1,
    "ammoItem": {
      "value": "Items.ARROW"
    },
    "shootConstantly": true,
    "usageCount": 5000,
    "actionSound": {
      "value": "entity.arrow.shoot"
    },
    "hasGlow": true,
    "animation": "bow",
    "enableMeleeDamage": false,
    "damageVsEntity": 0.0,
    "bulletPower": 1.0,
    "bulletDamage": 25.0,
    "bulletKnockback": 3,
    "bulletParticles": true,
    "bulletIgnitesFire": false,
    "bulletItemTexture": {
      "value": "Blocks.BIRCH_BUTTON"
    },
    "bulletModel": "Default",
    "customBulletModelTexture": ""
  }
}