{
  "_fv": 18,
  "_type": "mob",
  "definition": {
    "mobName": "Wyvern",
    "mobLabel": "",
    "mobModelName": "Biped",
    "mobModelTexture": "wyvernskin-1.png.png",
    "mobModelGlowTexture": "",
    "modelWidth": 0.6,
    "modelHeight": 2.0,
    "modelShadowSize": 0.5,
    "mountedYOffset": 0.0,
    "hasSpawnEgg": true,
    "spawnEggBaseColor": {
      "value": -3407617,
      "falpha": 0.0
    },
    "spawnEggDotColor": {
      "value": -65281,
      "falpha": 0.0
    },
    "creativeTab": {
      "value": "CUSTOM:MinecraftEnhanced"
    },
    "isBoss": true,
    "bossBarColor": "PURPLE",
    "bossBarType": "PROGRESS",
    "equipmentMainHand": {
      "value": ""
    },
    "equipmentOffHand": {
      "value": ""
    },
    "equipmentHelmet": {
      "value": ""
    },
    "equipmentBody": {
      "value": ""
    },
    "equipmentLeggings": {
      "value": ""
    },
    "equipmentBoots": {
      "value": ""
    },
    "mobBehaviourType": "Mob",
    "mobCreatureType": "UNDEFINED",
    "attackStrength": 5,
    "attackKnockback": 1.5,
    "knockbackResistance": 1000.0,
    "movementSpeed": 0.9,
    "armorBaseValue": 40.0,
    "trackingRange": 64,
    "health": 500,
    "xpAmount": 0,
    "waterMob": false,
    "flyingMob": false,
    "guiBoundTo": "<NONE>",
    "inventorySize": 9,
    "inventoryStackSize": 64,
    "disableCollisions": false,
    "ridable": false,
    "canControlForward": false,
    "canControlStrafe": false,
    "immuneToFire": false,
    "immuneToArrows": false,
    "immuneToFallDamage": true,
    "immuneToCactus": false,
    "immuneToDrowning": false,
    "immuneToLightning": true,
    "immuneToPotions": false,
    "immuneToPlayer": false,
    "immuneToExplosion": true,
    "immuneToTrident": false,
    "immuneToAnvil": true,
    "immuneToWither": true,
    "immuneToDragonBreath": true,
    "mobDrop": {
      "value": ""
    },
    "livingSound": {
      "value": "entity.endermen.ambient"
    },
    "hurtSound": {
      "value": "entity.endermen.hurt"
    },
    "deathSound": {
      "value": "entity.endermen.death"
    },
    "stepSound": {
      "value": ""
    },
    "spawnParticles": false,
    "particleToSpawn": {
      "value": "PORTAL"
    },
    "particleSpawningShape": "Tube",
    "particleSpawningRadious": 0.5,
    "particleAmount": 16,
    "whenMobDies": {
      "name": "WyvernClawDropping"
    },
    "onInitialSpawn": {
      "name": "DespawnAfterTwoMinutes"
    },
    "hasAI": true,
    "aiBase": "(none)",
    "aixml": "<xml xmlns=\"https://developers.google.com/blockly/xml\"><block type=\"aitasks_container\" deletable=\"false\" x=\"40\" y=\"40\"><next><block type=\"attack_on_collide\"><field name=\"speed\">1.2</field><field name=\"longmemory\">FALSE</field><field name=\"condition\">null,null</field><next><block type=\"wander\"><field name=\"speed\">1</field><field name=\"condition\">null,null</field><next><block type=\"attack_action\"><field name=\"callhelp\">FALSE</field><field name=\"condition\">null,null</field><next><block type=\"look_around\"><field name=\"condition\">null,null</field><next><block type=\"swim_in_water\"><field name=\"condition\">null,null</field></block></next></block></next></block></next></block></next></block></next></block></xml>",
    "breedable": false,
    "tameable": false,
    "breedTriggerItems": [],
    "ranged": false,
    "rangedAttackItem": {
      "value": ""
    },
    "rangedItemType": "Default item",
    "spawnThisMob": false,
    "doesDespawnWhenIdle": false,
    "spawningProbability": 1,
    "mobSpawningType": "monster",
    "minNumberOfMobsPerGroup": 4,
    "maxNumberOfMobsPerGroup": 4,
    "restrictionBiomes": [
      {
        "value": "the_end"
      }
    ],
    "spawnInDungeons": false
  }
}