{
  "_fv": 18,
  "_type": "tool",
  "definition": {
    "renderType": 0,
    "texture": "wyvernsblade",
    "customModelName": "Normal",
    "name": "Wyverns Blade",
    "specialInfo": [
      "The Wyvern's most prized possesion"
    ],
    "creativeTab": {
      "value": "CUSTOM:MinecraftEnhanced"
    },
    "toolType": "Sword",
    "harvestLevel": 0,
    "efficiency": 10.0,
    "attackSpeed": 3.7,
    "enchantability": 21,
    "damageVsEntity": 63.0,
    "usageCount": 2563,
    "blocksAffected": [],
    "hasGlow": false,
    "repairItems": [],
    "immuneToFire": true,
    "stayInGridWhenCrafting": false,
    "damageOnCrafting": false
  }
}