{
  "group": "minecraft_enhanced",
  "type": "minecraft:crafting_shapeless",
  "ingredients": [
    {
      "item": "minecraft_enhanced:enchanted_soulsprite_pearl"
    },
    {
      "item": "minecraft_enhanced:magmatic_obsidian_ingot"
    },
    {
      "item": "minecraft_enhanced:bottle_of_blood"
    },
    {
      "item": "minecraft_enhanced:prideful_wyverns_blade"
    },
    {
      "item": "minecraft_enhanced:amuletofthe_gods"
    },
    {
      "item": "minecraft_enhanced:unstable_wyverns_blade"
    },
    {
      "item": "minecraft_enhanced:bloodred_wyverns_blade"
    },
    {
      "item": "minecraft_enhanced:rainbow_ingot"
    },
    {
      "item": "minecraft_enhanced:haunting_wyverns_blade"
    }
  ],
  "result": {
    "item": "minecraft_enhanced:almighty_wyverns_blade",
    "count": 1
  }
}