{
  "group": "minecraft_enhanced",
  "type": "minecraft:crafting_shaped",
  "pattern": [
    " 1 ",
    "345",
    " 7 "
  ],
  "key": {
    "1": {
      "item": "minecraft_enhanced:magmatic_obsidian_ingot"
    },
    "3": {
      "item": "minecraft_enhanced:magmatic_obsidian_ingot"
    },
    "4": {
      "item": "minecraft_enhanced:enchanted_soulsprite_pearl"
    },
    "5": {
      "item": "minecraft_enhanced:magmatic_obsidian_ingot"
    },
    "7": {
      "item": "minecraft_enhanced:magmatic_obsidian_ingot"
    }
  },
  "result": {
    "item": "minecraft_enhanced:fusion_core",
    "count": 1
  }
}