{
  "group": "minecraft_enhanced",
  "type": "minecraft:crafting_shaped",
  "pattern": [
    "012",
    "3 5",
    "678"
  ],
  "key": {
    "0": {
      "item": "minecraft_enhanced:jade_ingot"
    },
    "1": {
      "item": "minecraft_enhanced:sapphire_ingot"
    },
    "2": {
      "item": "minecraft_enhanced:crystal_ingot"
    },
    "3": {
      "item": "minecraft_enhanced:demonite_ingot"
    },
    "5": {
      "item": "minecraft_enhanced:demonite_ingot"
    },
    "6": {
      "item": "minecraft_enhanced:crystal_ingot"
    },
    "7": {
      "item": "minecraft_enhanced:sapphire_ingot"
    },
    "8": {
      "item": "minecraft_enhanced:jade_ingot"
    }
  },
  "result": {
    "item": "minecraft_enhanced:rainbow_ingot",
    "count": 1
  }
}