{
  "group": "minecraft_enhanced",
  "type": "minecraft:crafting_shaped",
  "pattern": [
    "01 ",
    "345",
    "67 "
  ],
  "key": {
    "0": {
      "item": "minecraft:string"
    },
    "1": {
      "item": "minecraft:stick"
    },
    "3": {
      "item": "minecraft:string"
    },
    "4": {
      "item": "minecraft_enhanced:speed_essence"
    },
    "5": {
      "item": "minecraft:stick"
    },
    "6": {
      "item": "minecraft:string"
    },
    "7": {
      "item": "minecraft:stick"
    }
  },
  "result": {
    "item": "minecraft_enhanced:shortbow",
    "count": 1
  }
}