{
  "group": "minecraft_enhanced",
  "type": "minecraft:crafting_shaped",
  "pattern": [
    "01",
    "23"
  ],
  "key": {
    "0": {
      "item": "minecraft_enhanced:enchanted_ender_pearl"
    },
    "1": {
      "item": "minecraft_enhanced:enchanted_ender_pearl"
    },
    "2": {
      "item": "minecraft_enhanced:enchanted_ender_pearl"
    },
    "3": {
      "item": "minecraft_enhanced:enchanted_ender_pearl"
    }
  },
  "result": {
    "item": "minecraft_enhanced:soulsprite_pearl",
    "count": 1
  }
}