{
  "group": "minecraft_enhanced",
  "type": "minecraft:crafting_shaped",
  "pattern": [
    " 1 ",
    " 45",
    "6  "
  ],
  "key": {
    "1": {
      "item": "minecraft_enhanced:magmatic_obsidian_ingot"
    },
    "4": {
      "item": "minecraft_enhanced:magmatic_obsidian_ingot"
    },
    "5": {
      "item": "minecraft_enhanced:magmatic_obsidian_ingot"
    },
    "6": {
      "item": "minecraft_enhanced:magmatic_obsidian_ingot"
    }
  },
  "result": {
    "item": "minecraft_enhanced:summoning_staff",
    "count": 1
  }
}