{
  "group": "minecraft_enhanced",
  "type": "minecraft:crafting_shaped",
  "pattern": [
    "012",
    "345",
    "678"
  ],
  "key": {
    "0": {
      "item": "minecraft_enhanced:magmatic_obsidian_ingot"
    },
    "1": {
      "item": "minecraft_enhanced:magmatic_obsidian_ingot"
    },
    "2": {
      "item": "minecraft_enhanced:magmatic_obsidian_ingot"
    },
    "3": {
      "item": "minecraft_enhanced:magmatic_obsidian_ingot"
    },
    "4": {
      "item": "minecraft_enhanced:wyverns_blade"
    },
    "5": {
      "item": "minecraft_enhanced:magmatic_obsidian_ingot"
    },
    "6": {
      "item": "minecraft_enhanced:magmatic_obsidian_ingot"
    },
    "7": {
      "item": "minecraft_enhanced:magmatic_obsidian_ingot"
    },
    "8": {
      "item": "minecraft_enhanced:magmatic_obsidian_ingot"
    }
  },
  "result": {
    "item": "minecraft_enhanced:unstable_wyverns_blade",
    "count": 1
  }
}