{
  "group": "minecraft_enhanced",
  "type": "minecraft:crafting_shaped",
  "pattern": [
    "012",
    "345",
    "6 8"
  ],
  "key": {
    "0": {
      "item": "minecraft:wither_skeleton_skull"
    },
    "1": {
      "item": "minecraft:wither_skeleton_skull"
    },
    "2": {
      "item": "minecraft:wither_skeleton_skull"
    },
    "3": {
      "item": "minecraft:wither_skeleton_skull"
    },
    "4": {
      "item": "minecraft:netherite_leggings"
    },
    "5": {
      "item": "minecraft:wither_skeleton_skull"
    },
    "6": {
      "item": "minecraft:wither_skeleton_skull"
    },
    "8": {
      "item": "minecraft:wither_skeleton_skull"
    }
  },
  "result": {
    "item": "minecraft_enhanced:wither_armor_leggings",
    "count": 1
  }
}